strategy,accuracy,macro_f1,unknown_overcommit,relative_scoring_cost,accuracy_pct,macro_f1_pct,unknown_overcommit_pct
FULL_FAM,0.5787037037037037,0.549565551819073,0.4583333333333333,1.0,57.87,54.96,45.83
FULL_FAM_OOD,0.5,0.35359416256724335,0.1111111111111111,1.0,50.0,35.36,11.11
RR2_TOP2_FAM,0.5787037037037037,0.549565551819073,0.4583333333333333,0.7,57.87,54.96,45.83
RR2_TOP2_FAM_OOD,0.46296296296296297,0.3278383838383839,0.2222222222222222,0.7,46.3,32.78,22.22
