variant,accuracy,macro_f1,relative_score_cost,relative_decode_cost,refreshes,adaptive_events,accuracy_pct,macro_f1_pct
FIXED_K2,0.5069444444444444,0.49534992164507125,0.725,0.542,78,0,50.69,49.53
ADAPTIVE_EASY_HARD,0.5069444444444444,0.49534992164507125,0.725,0.806,78,62,50.69,49.53
ADAPTIVE_VERIFY_ONLY,0.5069444444444444,0.49534992164507125,0.725,0.542,78,48,50.69,49.53
ADAPTIVE_HIGH_COMPRESSION,0.5069444444444444,0.49534992164507125,0.725,0.451,78,105,50.69,49.53
