variant,accuracy,macro_f1,relative_score_cost,relative_decode_cost,full_refreshes,partial_refreshes,disagreement_events,efficiency_index,accuracy_pct,macro_f1_pct
CONSERVATIVE_FULL,0.725,0.6617236496903868,1.0,1.0,120,0,16,0.706,72.5,66.17
MODERATE_VERIFY,0.55,0.5362515262515262,0.725,0.542,65,55,18,0.826,55.0,53.63
AGGRESSIVE_SPARSE_K2,0.55,0.5362515262515262,0.725,0.542,65,55,18,0.826,55.0,53.63
AGGRESSIVE_SPARSE_K3,0.3416666666666667,0.337012987012987,0.625,0.375,45,75,25,0.633,34.17,33.7
SPECULATIVE_REUSE_VERIFY,0.38333333333333336,0.3914102564102564,0.65,0.525,50,70,13,0.636,38.33,39.14
SPECULATIVE_REUSE_K3,0.38333333333333336,0.3914102564102564,0.65,0.525,50,70,13,0.636,38.33,39.14
