variant,accuracy,macro_f1,relative_score_cost,relative_decode_cost,meta_refreshes,fast_refreshes,accuracy_pct,macro_f1_pct
K2_BASE,0.5069444444444444,0.49534992164507125,0.725,1.0,0,78,50.69,49.53
OFFSET_K2_FAST_K3_META,0.3402777777777778,0.34956151553852705,0.883,1.0,54,78,34.03,34.96
FED_K3_TO_K2,0.3402777777777778,0.34956151553852705,0.883,1.0,54,78,34.03,34.96
STAGGERED_23,0.3402777777777778,0.3450506002644568,0.683,1.0,54,78,34.03,34.51
